rank,file,model_score,other_max_score,source_label
1,烟草\unified_tobacco_dataset\images\test\Tobacco_Disease_100991.jpg,0.978729,other_max=0.000000,class_id_2_yanqingchong
2,烟草\unified_tobacco_dataset\images\test\Tobacco_Disease_100877.jpg,0.975735,other_max=0.000000,class_id_2_yanqingchong
3,烟草\unified_tobacco_dataset\images\test\Tobacco_Disease_101310.jpg,0.975347,other_max=0.000000,class_id_2_yanqingchong
4,烟草\unified_tobacco_dataset\images\test\Tobacco_Disease_100969.jpg,0.972372,other_max=0.000000,class_id_2_yanqingchong
5,烟草\unified_tobacco_dataset\images\test\Tobacco_Disease_101086.jpg,0.971141,other_max=0.000000,class_id_2_yanqingchong
6,烟草\unified_tobacco_dataset\images\test\Tobacco_Disease_101197.jpg,0.970706,other_max=0.000000,class_id_2_yanqingchong
7,烟草\unified_tobacco_dataset\images\test\Tobacco_Disease_101151.jpg,0.969724,other_max=0.000000,class_id_2_yanqingchong
8,烟草\unified_tobacco_dataset\images\test\Tobacco_Disease_101146.jpg,0.963948,other_max=0.000000,class_id_2_yanqingchong
9,烟草\unified_tobacco_dataset\images\test\Tobacco_Disease_100999.jpg,0.961181,other_max=0.000000,class_id_2_yanqingchong
10,烟草\unified_tobacco_dataset\images\test\Tobacco_Disease_101159.jpg,0.955213,other_max=0.279264,class_id_2_yanqingchong
11,烟草\unified_tobacco_dataset\images\test\Tobacco_Disease_101038.jpg,0.954810,other_max=0.000000,class_id_2_yanqingchong
12,烟草\unified_tobacco_dataset\images\test\Tobacco_Disease_101068.jpg,0.953876,other_max=0.000000,class_id_2_yanqingchong
13,烟草\unified_tobacco_dataset\images\test\Tobacco_Disease_101051.jpg,0.953105,other_max=0.000000,class_id_2_yanqingchong
14,烟草\unified_tobacco_dataset\images\test\Tobacco_Disease_100962.jpg,0.952979,other_max=0.000000,class_id_2_yanqingchong
15,烟草\unified_tobacco_dataset\images\test\Tobacco_Disease_101256.jpg,0.952388,other_max=0.000000,class_id_2_yanqingchong
16,烟草\unified_tobacco_dataset\images\test\Tobacco_Disease_101016.jpg,0.952083,other_max=0.000000,class_id_2_yanqingchong
17,烟草\unified_tobacco_dataset\images\test\Tobacco_Disease_100871.jpg,0.950193,other_max=0.000000,class_id_2_yanqingchong
18,烟草\unified_tobacco_dataset\images\test\Tobacco_Disease_101191.jpg,0.949688,other_max=0.000000,class_id_2_yanqingchong
19,烟草\unified_tobacco_dataset\images\test\Tobacco_Disease_100883.jpg,0.949120,other_max=0.000000,class_id_2_yanqingchong
20,烟草\unified_tobacco_dataset\images\test\Tobacco_Disease_101154.jpg,0.946043,other_max=0.000000,class_id_2_yanqingchong
